,index,name,flagship
0,0,princeton university,
1,3,harvard university,
2,6,university of chicago,
3,9,yale university,
4,12,columbia university,
5,15,massachusetts institute of technology,
6,18,stanford university,
7,21,university of pennsylvania,
8,24,duke university,
9,27,california institute of technology,
10,30,dartmouth college,
11,33,johns hopkins university,
12,36,northwestern university,
13,39,brown university,
14,42,cornell university,
15,45,rice university,
16,48,vanderbilt university,
17,51,university of notre dame,
18,54,washington university in st. louis,
19,57,georgetown university,
20,60,emory university,
21,63,university of california berkeley,
22,66,university of california los angeles,
23,69,university of southern california,
24,72,carnegie mellon university,
25,75,university of virginia,
26,78,wake forest university,
27,81,university of michigan ann arbor,university of michigan
28,84,tufts university,
29,87,new york university,
30,90,university of north carolina chapel hill,university of north carolina
31,93,boston college,
32,96,college of william and mary,
33,99,brandeis university,
34,102,georgia institute of technology,
35,105,university of rochester,
36,108,boston university,
37,111,case western reserve university,
38,114,university of california santa barbara,
39,117,northeastern university,
40,120,tulane university,
41,123,rensselaer polytechnic institute,
42,126,university of california irvine,
43,129,university of california san diego,
44,132,university of florida,
45,135,lehigh university,
46,138,pepperdine university,
47,141,university of california davis,
48,144,university of miami,
49,147,university of wisconsin madison,university of wisconsin
50,150,villanova university,
51,153,pennsylvania state university university park,pennsylvania state university 
52,156,university of illinois urbana champaign,university of illinois
53,159,ohio state university columbus,ohio state university
54,162,university of georgia,
55,165,george washington university,
56,168,purdue university west lafayette,purdue university
57,171,university of connecticut,
58,174,university of texas austin,university of texas
59,177,university of washington,
60,180,brigham young university provo,brigham young university
61,183,fordham university,
62,186,southern methodist university,
63,189,syracuse university,
64,192,university of maryland college park,university of maryland
65,195,worcester polytechnic institute,
66,198,clemson university,
67,201,university of pittsburgh,
68,204,american university,
69,207,rutgers university new brunswick,rutgers university
70,210,stevens institute of technology,
71,213,texas a&m university college station,texas a&m university
72,216,university of minnesota twin cities,university of minnesota
73,219,virginia tech,
74,222,baylor university,
75,225,colorado school of mines,
76,228,university of massachusetts amherst,university of massachusetts
77,231,miami university oxford,
78,234,texas christian university,
79,237,university of iowa,
80,240,clark university,
81,243,florida state university,
82,246,michigan state university,
83,249,north carolina state university raleigh,north carolina state university
84,252,university of california santa cruz,
85,255,university of delaware,
86,258,binghamton university suny,suny binghamton
87,261,university of denver,
88,264,university of tulsa,
89,267,indiana university bloomington,indiana university
90,270,marquette university,
91,273,university of colorado boulder,university of colorado
92,276,university of san diego,
93,279,drexel university,
94,282,saint louis university,
95,285,yeshiva university,
96,288,rochester institute of technology,
97,291,stony brook university suny,stony brook university
98,294,suny college of environmental science and forestry,
99,297,university at buffalo suny,university at buffalo
100,300,university of oklahoma,
101,303,university of vermont,
102,306,auburn university,
103,309,illinois institute of technology,
104,312,loyola university chicago,
105,315,university of new hampshire,
106,318,university of oregon,
107,321,university of south carolina,
108,324,university of tennessee,
109,327,howard university,
110,330,university of alabama,
111,333,university of san francisco,
112,336,university of the pacific,
113,339,university of utah,
114,342,arizona state university tempe,arizona state university
115,345,iowa state university,
116,348,temple university,
117,351,university of kansas,
118,354,university of st. thomas,
119,357,the catholic university of america,
120,360,depaul university,
121,363,duquesne university,
122,366,university of missouri,
123,369,clarkson university,
124,372,colorado state university,
125,375,michigan technological university,
126,378,seton hall university,
127,381,university of arizona,
128,384,university of california riverside,
129,387,university of dayton,
130,390,university of nebraska lincoln,university of nebraska
131,393,hofstra university,
132,396,louisiana state university baton rouge,louisiana state university
133,399,mercer university,
134,402,the new school,
135,405,rutgers university newark,
136,408,university of arkansas,
137,411,university of cincinnati,
138,414,university of kentucky,
139,417,george mason university,
140,420,new jersey institute of technology,
141,423,san diego state university,
142,426,university of south florida,
143,429,washington state university,
144,432,kansas state university,
145,435,oregon state university,
146,438,st. john fisher college,
147,441,university of illinois chicago,
148,444,university of mississippi,
149,447,university of texas dallas,
150,450,adelphi university,
151,453,florida institute of technology,
152,456,ohio university,
153,459,seattle pacific university,
154,462,university at albany suny,university at albany 
155,465,oklahoma state university,
156,468,university of massachusetts lowell,
157,471,university of rhode island,
158,474,biola university,
159,477,illinois state university,
160,480,university of alabama birmingham,university of alabama
161,483,university of hawaii manoa,university of hawaii 
162,486,university of la verne,
163,489,university of maryland baltimore county,
164,492,immaculata university,
165,495,maryville university of st. louis,
166,498,missouri university of science & technology,
167,501,st. john's university,
168,504,university of california merced,
169,507,university of louisville,
170,510,mississippi state university,
171,513,rowan university,
172,516,university of central florida,
173,519,university of idaho,
174,522,virginia commonwealth university,
175,525,kent state university,
176,528,robert morris university,
177,531,texas tech university,
178,534,union university,
179,537,university of hartford,
180,540,edgewood college,
181,543,lesley university,
182,546,lipscomb university,
183,549,suffolk university,
184,552,university of maine,
185,555,university of wyoming,
186,558,azusa pacific university,
187,561,ball state university,
188,564,montclair state university,
189,567,pace university,
190,570,west virginia university,
191,573,andrews university,
192,576,indiana university purdue university indianapolis,
193,579,university of houston,
194,582,university of new mexico,
195,585,university of north dakota,
196,588,widener university,
197,591,new mexico state university,
198,594,north dakota state university,
199,597,nova southeastern university,
200,600,university of north carolina charlotte,
201,603,bowling green state university,
202,606,california state university fullerton,california state university
203,609,dallas baptist university,
204,612,university of massachusetts boston,
205,615,university of nevada reno,university of nevada 
206,618,central michigan university,
207,621,east carolina university,
208,624,florida a&m university,
209,627,montana state university,
210,630,university of alaska fairbanks,
211,633,university of colorado denver,
212,636,university of massachusetts dartmouth,
213,639,university of montana,
214,642,western michigan university,
215,645,florida international university,
216,648,louisiana tech university,
217,651,south dakota state university,
218,654,southern illinois university carbondale,
219,657,university of alabama huntsville,
220,660,university of missouri kansas city,
221,663,utah state university,
222,666,ashland university,
223,669,benedictine university,
224,672,california state university fresno,
225,675,gardner webb university,
226,678,georgia state university,
227,681,shenandoah university,
228,684,university of south dakota,
229,687,wayne state university,
230,690,american international college,
231,693,augusta university,
232,696,barry university,
233,699,boise state university,
234,702,cardinal stritch university,
235,705,clark atlanta university,
236,708,cleveland state university,
237,711,eastern michigan university,
238,714,east tennessee state university,
239,717,florida atlantic university,
240,720,georgia southern university,
241,723,grand canyon university,
242,726,indiana state university,
243,729,indiana university of pennsylvania,
244,732,jackson state university,
245,735,kennesaw state university,
246,738,lamar university,
247,741,liberty university,
248,744,lindenwood university,
249,747,middle tennessee state university,
250,750,morgan state university,
251,753,national louis university,
252,756,north carolina a&t state university,
253,759,northern arizona university,
254,762,northern illinois university,
255,765,oakland university,
256,768,old dominion university,
257,771,portland state university,
258,774,prairie view a&m university,
259,777,regent university,
260,780,sam houston state university,
261,783,san francisco state university,
262,786,spalding university,
263,789,tennessee state university,
264,792,tennessee technological university,
265,795,texas a&m university commerce,
266,798,texas a&m university corpus christi,
267,801,texas a&m university kingsville,
268,804,texas southern university,
269,807,texas state university,
270,810,texas woman's university,
271,813,trevecca nazarene university,
272,816,trinity international university,
273,819,university of akron,
274,822,university of arkansas little rock,
275,825,university of louisiana lafayette,
276,828,university of louisiana monroe,
277,831,university of maryland eastern shore,
278,834,university of memphis,
279,837,university of missouri st. louis,
280,840,university of nebraska omaha,
281,843,university of nevada las vegas,
282,846,university of new orleans,
283,849,university of north carolina greensboro,
284,852,university of northern colorado,
285,855,university of north texas,
286,858,university of south alabama,
287,861,university of southern mississippi,
288,864,university of texas arlington,
289,867,university of texas el paso,
290,870,university of texas rio grande valley,
291,873,university of texas san antonio,
292,876,university of the cumberlands,
293,879,university of toledo,
294,882,university of west florida,
295,885,university of west georgia,
296,888,university of wisconsin milwaukee,
297,891,valdosta state university,
298,894,wichita state university,
299,897,wright state university,
300,900,alliant international university,
301,903,argosy university,
302,906,california institute of integral studies,
303,909,capella university,
304,912,idaho state university,
305,915,northcentral university,
306,918,trident university international,
307,921,union institute and university,
308,924,university of phoenix,
309,927,walden university,
310,930,wilmington university,
311,0,williams college,
312,3,amherst college,
313,6,bowdoin college,
314,9,swarthmore college,
315,12,wellesley college,
316,15,middlebury college,
317,18,pomona college,
318,21,carleton college,
319,24,claremont mckenna college,
320,27,davidson college,
321,30,washington and lee university,
322,33,colby college,
323,36,colgate university,
324,39,harvey mudd college,
325,42,smith college,
326,45,united states military academy,
327,48,vassar college,
328,51,grinnell college,
329,54,hamilton college,
330,57,haverford college,
331,60,united states naval academy,
332,63,wesleyan university,
333,66,bates college,
334,69,colorado college,
335,72,university of richmond,
336,75,barnard college,
337,78,kenyon college,
338,81,macalester college,
339,84,oberlin college,
340,87,scripps college,
341,90,united states air force academy,
342,93,bryn mawr college,
343,96,bucknell university,
344,99,college of the holy cross,
345,102,pitzer college,
346,105,lafayette college,
347,108,mount holyoke college,
348,111,union college,
349,114,franklin and marshall college,
350,117,soka university of america,
351,120,sewanee university of the south,
352,123,skidmore college,
353,126,whitman college,
354,129,occidental college,
355,132,trinity college,
356,135,bard college,
357,138,centre college,
358,141,connecticut college,
359,144,denison university,
360,147,gettysburg college,
361,150,dickinson college,
362,153,rhodes college,
363,156,depauw university,
364,159,furman university,
365,162,sarah lawrence college,
366,165,st. john's college,
367,168,st. olaf college,
368,171,lawrence university,
369,174,st. lawrence university,
370,177,thomas aquinas college,
371,180,agnes scott college,
372,183,spelman college,
373,186,college of wooster,
374,189,wheaton college,
375,192,hobart and william smith colleges,
376,195,virginia military institute,
377,198,wabash college,
378,204,earlham college,
379,207,university of puget sound,
380,210,hillsdale college,
381,213,illinois wesleyan university,
382,216,knox college,
383,219,muhlenberg college,
384,222,wofford college,
385,225,beloit college,
386,228,hendrix college,
387,231,kalamazoo college,
388,234,lewis & clark college,
389,237,st. john's college,
390,240,wheaton college,
391,243,allegheny college,
392,246,reed college,
393,249,willamette university,
394,252,gustavus adolphus college,
395,255,st. john's university,
396,258,bennington college,
397,261,college of st. benedict,
398,264,cornell college,
399,267,luther college,
400,270,millsaps college,
401,273,transylvania university,
402,276,austin college,
403,279,college of the atlantic,
404,282,ursinus college,
405,285,hampden sydney college,
406,288,southwestern university,
407,291,st. mary's college of maryland,
408,294,washington college,
409,297,westmont college,
410,300,augustana college,
411,303,lake forest college,
412,306,new college of florida,
413,309,ohio wesleyan university,
414,312,st. mary's college,
415,315,hope college,
416,318,juniata college,
417,321,st. anselm college,
418,324,st. michael's college,
419,327,washington and jefferson college,
420,330,stonehill college,
421,333,drew university,
422,336,goucher college,
423,339,hanover college,
424,342,hollins university,
425,345,principia college,
426,348,concordia college moorhead,
427,354,linfield college,
428,357,marlboro college,
429,360,ripon college,
430,363,salem college,
431,366,birmingham southern college,
432,369,coe college,
433,372,presbyterian college,
434,375,grove city college,
435,378,randolph macon college,
436,381,albion college,
437,384,central college,
438,387,eckerd college,
439,390,wartburg college,
440,393,westminster college,
441,396,whittier college,
442,399,mcdaniel college,
443,402,siena college,
444,405,st. norbert college,
445,408,sweet briar college,
446,411,illinois college,
447,414,randolph college,
448,417,roanoke college,
449,420,alma college,
450,423,hiram college,
451,426,susquehanna university,
452,429,university of minnesota morris,
453,432,university of north carolina asheville,
454,435,wesleyan college,
455,438,bard college at simon's rock,
456,441,centenary college of louisiana,
457,444,franklin college,
458,447,georgetown college,
459,450,houghton college,
460,453,lycoming college,
461,456,monmouth college,
462,459,saint vincent college,
463,462,simpson college,
464,465,westminster college,
465,468,william jewell college,
466,471,doane university,
467,474,wittenberg university,
468,477,guilford college,
469,480,morehouse college,
470,483,warren wilson college,
471,486,carthage college,
472,489,meredith college,
473,492,elmira college,
474,495,hartwick college,
475,498,moravian college,
476,501,college of idaho,
477,504,covenant college,
478,507,emory and henry college,
479,510,gordon college,
480,513,wells college,
481,516,albright college,
482,519,allen university,
483,522,american jewish university,
484,525,ave maria university,
485,528,bethany college,
486,531,bethany lutheran college,
487,534,bethel college,
488,537,bethune cookman university,
489,540,bloomfield college,
490,543,bridgewater college,
491,546,bryn athyn college of the new church,
492,549,cheyney university of pennsylvania,cheyney university
493,552,claflin university,
494,555,davis and elkins college,
495,558,dillard university,
496,561,east west university,
497,564,emmanuel college,
498,567,erskine college,
499,570,fisk university,
500,573,fort lewis college,
501,576,holy cross college,
502,579,johnson c. smith university,
503,582,judson college,
504,585,the king's college,
505,588,lagrange college,
506,591,louisiana state university alexandria,
507,594,lyon college,
508,597,marymount manhattan college,
509,600,maryville college,
510,603,massachusetts college of liberal arts,
511,606,northland college,
512,609,oglethorpe university,
513,612,ouachita baptist university,
514,615,pacific union college,
515,618,paine college,
516,621,philander smith college,
517,624,pine manor college,
518,627,providence christian college,
519,630,purchase college suny,
520,633,schreiner university,
521,636,shepherd university,
522,639,southern virginia university,
523,642,spring hill college,
524,645,stillman college,
525,648,thiel college,
526,651,thomas more college of liberal arts,
527,654,tougaloo college,
528,657,university of maine machias,
529,660,university of pikeville,
530,663,university of science and arts of oklahoma,
531,666,university of virginia wise,
532,669,university of wisconsin parkside,
533,672,virginia union university,
534,675,virginia wesleyan university,
535,678,west virginia state university,
536,681,william peace university,
537,684,young harris college,
538,687,charter oak state college,
539,690,hampshire college,
540,693,martin university,
541,696,sterling college,
542,0,creighton university,
543,3,butler university,
544,6,drake university,
545,9,valparaiso university,
546,12,xavier university,
547,15,john carroll university,
548,18,bradley university,
549,21,truman state university,
550,24,university of evansville,
551,27,north central college,
552,30,bethel university,
553,33,elmhurst college,
554,36,milwaukee school of engineering,
555,39,rockhurst university,
556,42,st. catherine university,
557,45,hamline university,
558,48,nebraska wesleyan university,
559,51,baldwin wallace university,
560,54,dominican university,
561,57,franciscan university of steubenville,
562,60,otterbein university,
563,63,university of detroit mercy,
564,66,lewis university,
565,69,webster university,
566,72,university of northern iowa,
567,75,drury university,
568,78,kettering university,
569,81,st. ambrose university,
570,84,augsburg college,
571,87,grand valley state university,
572,90,indiana wesleyan university,
573,93,university of st. francis,
574,96,university of wisconsin la crosse,
575,99,capital university,
576,102,college of st. scholastica,
577,105,university of indianapolis,
578,108,university of wisconsin eau claire,
579,111,anderson university,
580,114,bethel college,
581,117,carroll university,
582,120,concordia university,
583,123,lawrence technological university,
584,126,university of findlay,
585,129,university of michigan dearborn,
586,132,university of minnesota duluth,
587,135,baker university,
588,138,aquinas college,
589,141,marian university,
590,144,st. mary's university of minnesota,
591,147,university of northwestern st. paul,
592,150,concordia university wisconsin,
593,153,eastern illinois university,
594,156,robert morris university,
595,159,alverno college,
596,162,morningside college,
597,165,mount mercy university,
598,168,olivet nazarene university,
599,171,university of wisconsin stevens point,
600,174,ursuline college,
601,177,heidelberg university,
602,180,muskingum university,
603,183,university of wisconsin whitewater,
604,186,western illinois university,
605,189,spring arbor university,
606,192,st. xavier university,
607,195,university of illinois springfield,
608,198,university of nebraska kearney,
609,201,walsh university,
610,204,winona state university,
611,207,fontbonne university,
612,210,southern illinois university edwardsville,
613,213,university of wisconsin stout,
614,216,mckendree university,
615,219,university of wisconsin oshkosh,
616,222,concordia university chicago,
617,225,judson university,
618,228,malone university,
619,231,midamerica nazarene university,
620,234,north park university,
621,237,university of saint francis,
622,240,university of sioux falls,
623,243,william woods university,
624,246,ferris state university,
625,249,northern michigan university,
626,252,pittsburg state university,
627,255,quincy university,
628,258,college of st. mary,
629,261,grace college and seminary,
630,264,mount st. joseph university,
631,267,northwest missouri state university,
632,270,stephens college,
633,273,university of central missouri,
634,276,madonna university,
635,279,mount vernon nazarene university,
636,282,southeast missouri state university,
637,285,tiffin university,
638,288,university of wisconsin river falls,
639,291,washburn university,
640,294,greenville university,
641,297,minnesota state university mankato,
642,300,mount mary university,
643,303,northern state university,
644,306,university of michigan flint,
645,309,university of wisconsin green bay,
646,312,university of wisconsin platteville,
647,315,concordia university st. paul,
648,318,missouri state university,
649,321,ohio dominican university,
650,324,bemidji state university,
651,327,rockford university,
652,330,roosevelt university,
653,333,university of dubuque,
654,336,university of mary,
655,339,wayne state college,
656,342,cornerstone university,
657,345,mount marty college,
658,348,viterbo university,
659,351,dakota state university,
660,354,minnesota state university moorhead,
661,357,siena heights university,
662,360,st. cloud state university,
663,363,davenport university,
664,366,emporia state university,
665,369,evangel university,
666,372,marian university,
667,375,aurora university,
668,378,avila university,
669,381,black hills state university,
670,384,calumet college of st. joseph,
671,387,chicago state university,
672,390,columbia college chicago,
673,393,devry university,
674,396,fort hays state university,
675,399,friends university,
676,402,governors state university,
677,405,graceland university,
678,408,indiana university east,
679,411,indiana university northwest,
680,414,indiana university purdue university fort wayne,
681,417,indiana university south bend,
682,420,indiana university southeast,
683,423,lake erie college,
684,426,lakeland university,
685,429,lincoln university,
686,432,lourdes university,
687,435,marygrove college,
688,438,metropolitan state university,
689,441,minot state university,
690,444,missouri baptist university,
691,447,newman university,
692,450,northeastern illinois university,
693,453,notre dame college of ohio,
694,456,park university,
695,459,purdue university northwest,
696,462,saginaw valley state university,
697,465,silver lake college,
698,468,southwest baptist university,
699,471,southwestern college,
700,474,southwest minnesota state university,
701,477,university of southern indiana,
702,480,university of st. mary,
703,483,upper iowa university,
704,486,william penn university,
705,489,youngstown state university,
706,492,american intercontinental university,
707,495,antioch university,
708,498,bellevue university,
709,501,chadron state college,
710,504,columbia college,
711,507,herzing university,
712,510,kaplan university,
713,513,maharishi university of management,
714,516,peru state college,
715,0,providence college,
716,3,bentley university,
717,6,fairfield university,
718,9,college of new jersey,
719,12,loyola university maryland,
720,15,university of scranton,
721,18,emerson college,
722,21,ithaca college,
723,24,marist college,
724,27,bryant university,
725,30,st. joseph's university,
726,33,suny geneseo,
727,36,quinnipiac university,
728,39,simmons college,
729,42,manhattan college,
730,45,suny polytechnic institute,
731,48,le moyne college,
732,51,massachusetts maritime academy,
733,54,st. francis university,
734,57,cuny baruch college,
735,60,st. bonaventure university,
736,63,canisius college,
737,66,gallaudet university,
738,69,lebanon valley college,
739,72,mount st. mary's university,
740,75,rutgers university camden,
741,78,springfield college,
742,81,assumption college,
743,84,cuny hunter college,
744,87,hood college,
745,90,monmouth university,
746,93,nazareth college,
747,96,suny new paltz,
748,99,endicott college,
749,102,la salle university,
750,105,rider university,
751,108,ramapo college of new jersey,
752,111,roger williams university,
753,114,salve regina university,
754,117,wagner college,
755,120,cuny queens college,
756,123,misericordia university,
757,126,molloy college,
758,129,sacred heart university,
759,132,stockton university,
760,135,towson university,
761,138,new york institute of technology,
762,141,alfred university,
763,144,arcadia university,
764,147,gannon university,
765,150,mercyhurst university,
766,153,niagara university,
767,156,suny college cortland,
768,159,suny college oneonta,
769,162,suny oswego,
770,165,cuny city college,
771,168,marywood university,
772,171,merrimack college,
773,174,notre dame of maryland university,
774,177,seton hill university,
775,180,suny fredonia,
776,183,king's college,
777,186,suny maritime college,
778,189,college at brockport suny,
779,192,desales university,
780,195,fairleigh dickinson university,
781,198,johnson & wales university,
782,201,philadelphia university,
783,204,west chester university of pennsylvania,
784,207,western new england university,
785,210,keene state college,
786,213,st. joseph's college new york,
787,216,suny plattsburgh,
788,219,wentworth institute of technology,
789,222,chatham university,
790,225,geneva college,
791,228,iona college,
792,231,eastern university,
793,234,roberts wesleyan college,
794,237,salisbury university,
795,240,slippery rock university of pennsylvania,
796,243,university of new england,
797,246,university of st. joseph,
798,249,wilkes university,
799,252,york college of pennsylvania,
800,255,cuny brooklyn college,
801,258,eastern connecticut state university,
802,261,norwich university,
803,264,southern new hampshire university,
804,267,stevenson university,
805,270,champlain college,
806,273,college of saint rose,
807,276,suny college potsdam,
808,279,central connecticut state university,
809,282,millersville university of pennsylvania,
810,285,university of new haven,
811,288,the sage colleges,
812,291,saint peter's university,
813,294,waynesburg university,
814,297,wheelock college,
815,300,shippensburg university of pennsylvania,
816,303,bay path university,
817,306,bloomsburg university of pennsylvania,
818,309,bridgewater state university,
819,312,caldwell university,
820,315,college of our lady of the elms,
821,318,liu post,
822,321,manhattanville college,
823,324,point park university,
824,327,william paterson university of new jersey,
825,330,alvernia university,
826,333,carlow university,
827,336,cuny john jay college of criminal justice,
828,339,st. thomas aquinas college,
829,342,plymouth state university,
830,345,albertus magnus college,
831,348,mansfield university of pennsylvania,
832,351,westfield state university,
833,354,worcester state university,
834,357,cabrini university,
835,360,college of mount st. vincent,
836,363,frostburg state university,
837,366,keuka college,
838,369,suny buffalo state,
839,372,western connecticut state university,
840,375,delaware valley university,
841,378,framingham state university,
842,381,kutztown university of pennsylvania,
843,384,mount st. mary college,
844,387,daemen college,
845,390,delaware state university,
846,393,lasell college,
847,396,southern connecticut state university,
848,399,utica college,
849,402,centenary university,
850,405,st. joseph's college,
851,408,chestnut hill college,
852,411,clarion university of pennsylvania,
853,414,college of st. elizabeth,
854,417,cuny lehman college,
855,420,fitchburg state university,
856,423,georgian court university,
857,426,kean university,
858,429,lock haven university of pennsylvania,
859,432,salem state university,
860,435,anna maria college,
861,438,bowie state university,
862,441,cairn university,
863,444,california university of pennsylvania,
864,447,college of new rochelle,
865,450,coppin state university,
866,453,cuny college of staten island,
867,456,curry college,
868,459,dominican college,
869,462,d'youville college,
870,465,eastern nazarene college,
871,468,east stroudsburg university of pennsylvania,
872,471,edinboro university of pennsylvania,
873,474,felician university,
874,477,franklin pierce university,
875,480,green mountain college,
876,483,gwynedd mercy university,
877,486,harrisburg university of science and technology,
878,489,holy family university,
879,492,husson university,
880,495,johnson state college,
881,498,lincoln university,
882,501,medaille college,
883,504,metropolitan college of new york,
884,507,monroe college,
885,510,neumann university,
886,513,new england college,
887,516,new jersey city university,
888,519,nyack college,
889,522,post university,
890,525,rhode island college,
891,528,rivier university,
892,531,rosemont college,
893,534,suny college old westbury,
894,537,thomas college,
895,540,touro college,
896,543,trinity washington university,
897,546,university of baltimore,
898,549,university of bridgeport,
899,552,university of southern maine,
900,555,university of the district of columbia,
901,558,washington adventist university,
902,561,cambridge college,
903,567,fashion institute of technology,
904,570,goddard college,
905,573,mercy college,
906,576,strayer university,
907,579,suny empire state college,
908,582,thomas edison state university,
909,585,university of maryland university college,
910,0,elon university,
911,3,rollins college,
912,6,samford university,
913,9,the citadel,
914,12,belmont university,
915,15,stetson university,
916,18,james madison university,
917,21,berry college,
918,24,appalachian state university,
919,27,loyola university new orleans,
920,30,christopher newport university,
921,33,college of charleston,
922,36,embry riddle aeronautical university,
923,39,university of north carolina wilmington,
924,42,asbury university,
925,45,bellarmine university,
926,48,john brown university,
927,51,university of mary washington,
928,54,florida southern college,
929,57,queens university of charlotte,
930,60,hampton university,
931,63,university of tampa,
932,66,harding university,
933,69,milligan college,
934,72,winthrop university,
935,75,xavier university of louisiana,
936,78,campbell university,
937,81,converse college,
938,84,longwood university,
939,87,tuskegee university,
940,90,georgia college & state university,
941,93,christian brothers university,
942,96,columbia international university,
943,99,mississippi college,
944,102,murray state university,
945,105,western kentucky university,
946,108,wingate university,
947,111,lynchburg college,
948,114,university of montevallo,
949,117,western carolina university,
950,120,eastern mennonite university,
951,123,wheeling jesuit university,
952,126,marshall university,
953,129,mary baldwin university,
954,132,radford university,
955,135,freed hardeman university,
956,138,university of tennessee martin,
957,141,lee university,
958,144,university of north florida,
959,147,west virginia wesleyan college,
960,150,william carey university,
961,153,coastal carolina university,
962,156,jacksonville university,
963,159,keiser university,
964,162,marymount university,
965,165,mississippi university for women,
966,168,brenau university,
967,171,columbia college,
968,174,palm beach atlantic university,
969,177,university of tennessee chattanooga,
970,180,bob jones university,
971,183,lenoir rhyne university,
972,186,morehead state university,
973,189,saint leo university,
974,192,university of north georgia,
975,195,carson newman university,
976,198,university of south florida st. petersburg,
977,201,arkansas state university,
978,204,bryan college,
979,207,piedmont college,
980,210,southern adventist university,
981,213,university of central arkansas,
982,216,anderson university,
983,219,austin peay state university,
984,222,eastern kentucky university,
985,225,florida gulf coast university,
986,228,northern kentucky university,
987,231,belhaven university,
988,234,university of charleston,
989,237,lincoln memorial university,
990,240,north carolina central university,
991,243,north greenville university,
992,246,st. thomas university,
993,249,thomas more college,
994,252,methodist university,
995,255,university of north alabama,
996,258,elizabeth city state university,
997,261,pfeiffer university,
998,264,charleston southern university,
999,267,francis marion university,
1000,270,jacksonville state university,
1001,273,king university,
1002,276,midway university,
1003,279,troy university,
1004,282,alcorn state university,
1005,285,auburn university montgomery,
1006,288,henderson state university,
1007,291,lynn university,
1008,294,nicholls state university,
1009,297,tusculum college,
1010,300,montreat college,
1011,303,university of north carolina pembroke,
1012,306,virginia state university,
1013,309,arkansas tech university,
1014,312,mcneese state university,
1015,315,albany state university,
1016,318,amridge university,
1017,321,campbellsville university,
1018,324,columbus state university,
1019,327,cumberland university,
1020,330,faulkner university,
1021,333,louisiana college,
1022,336,winston salem state university,
1023,339,alabama agricultural and mechanical university,
1024,342,alabama state university,
1025,345,armstrong state university,
1026,348,bethel university,
1027,351,clayton state university,
1028,354,concord university,
1029,357,delta state university,
1030,360,fairmont state university,
1031,363,fayetteville state university,
1032,366,fort valley state university,
1033,369,georgia southwestern state university,
1034,372,grambling state university,
1035,375,lindsey wilson college,
1036,378,louisiana state university shreveport,
1037,381,mississippi valley state university,
1038,384,norfolk state university,
1039,387,northwestern state university of louisiana,
1040,390,savannah state university,
1041,393,south carolina state university,
1042,396,southeastern louisiana university,
1043,399,southeastern university,
1044,402,southern arkansas university,
1045,405,southern university and a&m college,
1046,408,southern university new orleans,
1047,411,southern wesleyan university,
1048,414,south university,
1049,417,thomas university,
1050,420,union college,
1051,423,university of west alabama,
1052,426,american public university system,
1053,429,hodges university,
1054,432,salem international university,
1055,435,south college,
1056,438,southeastern baptist theological seminary,
1057,441,sullivan university,
1058,444,university of arkansas monticello,
1059,0,trinity university,
1060,3,santa clara university,
1061,6,loyola marymount university,
1062,9,gonzaga university,
1063,12,chapman university,
1064,15,university of portland,
1065,18,seattle university,
1066,21,whitworth university,
1067,24,mills college,
1068,27,st. mary's college of california,
1069,30,california polytechnic state university san luis obispo,
1070,33,university of redlands,
1071,36,university of dallas,
1072,39,california lutheran university,
1073,42,st. edward's university,
1074,45,pacific lutheran university,
1075,48,point loma nazarene university,
1076,51,abilene christian university,
1077,54,western washington university,
1078,57,westminster college,
1079,60,st. mary's university of san antonio,
1080,63,pacific university,
1081,66,george fox university,
1082,69,letourneau university,
1083,72,new mexico institute of mining and technology,
1084,75,university of st. thomas,
1085,78,oklahoma city university,
1086,81,regis university,
1087,84,mount saint mary's university,
1088,87,dominican university of california,
1089,90,california baptist university,
1090,93,california state polytechnic university pomona,
1091,96,evergreen state college,
1092,99,hardin simmons university,
1093,102,san jose state university,
1094,105,university of colorado colorado springs,
1095,108,california state university chico,
1096,111,the master's university and seminary,
1097,114,california state university long beach,
1098,117,chaminade university of honolulu,
1099,120,concordia university,
1100,123,fresno pacific university,
1101,126,notre dame de namur university,
1102,129,central washington university,
1103,132,la sierra university,
1104,135,saint martin's university,
1105,138,california state university monterey bay,
1106,141,humboldt state university,
1107,144,northwest nazarene university,
1108,147,oklahoma christian university,
1109,150,oral roberts university,
1110,153,university of the incarnate word,
1111,156,walla walla university,
1112,159,university of mary hardin baylor,
1113,162,california state university stanislaus,
1114,165,holy names university,
1115,168,alaska pacific university,
1116,171,sonoma state university,
1117,174,california state university los angeles,
1118,177,hawaii pacific university,
1119,180,texas wesleyan university,
1120,183,vanguard university of southern california,
1121,186,california state university san bernardino,
1122,189,northwest university,
1123,192,university of houston clear lake,
1124,195,california state university channel islands,
1125,198,corban university,
1126,201,university of hawaii hilo,
1127,204,woodbury university,
1128,207,california state university sacramento,
1129,210,houston baptist university,
1130,213,texas a&m international university,
1131,216,california state university northridge,
1132,219,stephen f. austin state university,
1133,222,western oregon university,
1134,225,california state university san marcos,
1135,228,southern oregon university,
1136,231,southern utah university,
1137,234,university of alaska anchorage,
1138,237,university of central oklahoma,
1139,240,lubbock christian university,
1140,243,oklahoma wesleyan university,
1141,246,prescott college,
1142,249,simpson university,
1143,252,west texas a&m university,
1144,255,eastern washington university,
1145,258,our lady of the lake university,
1146,261,weber state university,
1147,264,western state colorado university,
1148,267,university of texas tyler,
1149,270,midwestern state university,
1150,273,northwest christian university,
1151,276,university of texas of the permian basin,
1152,279,california state university bakersfield,
1153,282,university of north texas at dallas,
1154,285,adams state university,
1155,288,angelo state university,
1156,291,california state university dominguez hills,
1157,294,california state university east bay,
1158,297,cameron university,
1159,300,colorado christian university,
1160,303,colorado state university pueblo,
1161,306,concordia university texas,
1162,309,east central university,
1163,312,eastern new mexico university,
1164,315,eastern oregon university,
1165,318,hope international university,
1166,321,langston university,
1167,324,metropolitan state university of denver,
1168,327,montana state university billings,
1169,330,new mexico highlands university,
1170,333,northeastern state university,
1171,336,northwestern oklahoma state university,
1172,339,sierra nevada college,
1173,342,southeastern oklahoma state university,
1174,345,southern nazarene university,
1175,348,southwestern assemblies of god university,
1176,351,southwestern oklahoma state university,
1177,354,sul ross state university,
1178,357,tarleton state university,
1179,360,texas a&m university texarkana,
1180,363,university of alaska southeast,
1181,366,university of houston downtown,
1182,369,university of houston victoria,
1183,372,university of the southwest,
1184,375,wayland baptist university,
1185,378,amberton university,
1186,381,ashford university,
1187,384,brandman university,
1188,387,city university of seattle,
1189,390,colorado technical university,
1190,393,golden gate university,
1191,396,heritage university,
1192,399,john f. kennedy university,
1193,402,marylhurst university,
1194,405,mid america christian university,
1195,408,naropa university,
1196,411,national university,
1197,414,utah valley university,
1198,417,western governors university,
1199,420,western new mexico university,